101,石狩地方中部,いしかりちほうちゅうぶ,0110100,札幌中央区北２条,さっぽろちゅうおうくきたにじょう
106,渡島地方東部,おしまちほうとうぶ,0120201,函館市尾札部町,はこだてしおさつべちょう
106,渡島地方東部,おしまちほうとうぶ,0120202,函館市美原,はこだてしみはら
115,後志地方北部,しりべしちほうほくぶ,0120300,小樽市勝納町,おたるしかつないちょう
126,上川地方中部,かみかわちほうちゅうぶ,0120401,旭川市宮前１条,あさひかわしみやまえいちじょう
146,胆振地方中東部,いぶりちほうちゅうとうぶ,0120501,室蘭市山手町,むろらんしやまてちょう
161,釧路地方中南部,くしろちほうちゅうなんぶ,0120601,釧路市幸町,くしろしさいわいちょう
161,釧路地方中南部,くしろちほうちゅうなんぶ,0120602,釧路市音別町尺別,くしろしおんべつちょうしゃくべつ
156,十勝地方中部,とかちちほうちゅうぶ,0120700,帯広市東４条,おびひろしひがしよじょう
141,北見地方,きたみちほう,0120800,北見市公園町,きたみしこうえんちょう
141,北見地方,きたみちほう,0120803,北見市常呂町東浜,きたみしところちょうひがしはま
141,北見地方,きたみちほう,0120810,北見市留辺蘂町温根湯温泉,きたみしるべしべちょうおんねゆおんせん
122,空知地方南部,そらちちほうなんぶ,0120900,夕張市若菜,ゆうばりしわかな
122,空知地方南部,そらちちほうなんぶ,0121000,岩見沢市５条,いわみざわしごじょう
140,網走地方,あばしりちほう,0121100,網走市台町,あばしりしだいまち
131,留萌地方南部,るもいちほうなんぶ,0121201,留萌市大町,るもいしおおまち
146,胆振地方中東部,いぶりちほうちゅうとうぶ,0121301,苫小牧市末広町,とまこまいしすえひろちょう
135,宗谷地方北部,そうやちほうほくぶ,0121401,稚内市恵北,わっかないしけいほく
135,宗谷地方北部,そうやちほうほくぶ,0121402,稚内市開運,わっかないしかいうん
122,空知地方南部,そらちちほうなんぶ,0121501,美唄市西５条,びばいしにしごじょう
121,空知地方中部,そらちちほうちゅうぶ,0121600,芦別市旭町,あしべつしあさひちょう
101,石狩地方中部,いしかりちほうちゅうぶ,0121700,江別市高砂町,えべつしたかさごちょう
142,紋別地方,もんべつちほう,0121901,紋別市南が丘町,もんべつしみなみがおかちょう
125,上川地方北部,かみかわちほうほくぶ,0122001,士別市朝日町,しべつしあさひちょう
125,上川地方北部,かみかわちほうほくぶ,0122002,士別市東６条,しべつしひがしろくじょう
125,上川地方北部,かみかわちほうほくぶ,0122100,名寄市大通,なよろしおおどおり
167,根室地方南部,ねむろちほうなんぶ,0122300,根室市弥栄,ねむろしやさかえ
167,根室地方南部,ねむろちほうなんぶ,0122301,根室市豊里,ねむろしとよさと
102,石狩地方南部,いしかりちほうなんぶ,0122400,千歳市北栄,ちとせしほくえい
102,石狩地方南部,いしかりちほうなんぶ,0122401,新千歳空港,しんちとせくうこう
121,空知地方中部,そらちちほうちゅうぶ,0122500,滝川市大町,たきかわしおおまち
127,上川地方南部,かみかわちほうなんぶ,0122900,富良野市若松町,ふらのしわかまつちょう
146,胆振地方中東部,いぶりちほうちゅうとうぶ,0123000,登別市鉱山,のぼりべつしこうざん
102,石狩地方南部,いしかりちほうなんぶ,0123100,恵庭市漁平,えにわしいざりだいら
145,胆振地方西部,いぶりちほうせいぶ,0123300,胆振伊達市梅本,いぶりだてしうめもと
100,石狩地方北部,いしかりちほうほくぶ,0123500,石狩市花川,いしかりしはなかわ
100,石狩地方北部,いしかりちほうほくぶ,0123501,石狩市聚富,いしかりししっぷ
107,渡島地方西部,おしまちほうせいぶ,0133100,渡島松前町福山,おしままつまえちょうふくやま
107,渡島地方西部,おしまちほうせいぶ,0133101,渡島松前町清部,おしままつまえちょうきよべ
107,渡島地方西部,おしまちほうせいぶ,0133300,知内町小谷石,しりうちちょうこたにいし
106,渡島地方東部,おしまちほうとうぶ,0133701,七飯町桜町,ななえちょうさくらまち
106,渡島地方東部,おしまちほうとうぶ,0134503,渡島森町御幸町,おしまもりまちみゆきちょう
105,渡島地方北部,おしまちほうほくぶ,0134601,八雲町上の湯,やくもちょうかみのゆ
110,檜山地方,ひやまちほう,0136101,檜山江差町姥神,ひやまえさしちょううばがみ
119,北海道奥尻島,ほっかいどうおくしりとう,0136701,奥尻町松江,おくしりちょうまつえ
110,檜山地方,ひやまちほう,0137100,せたな町北檜山区豊岡,せたなちょうきたひやまくとよおか
117,後志地方西部,しりべしちほうせいぶ,0139100,島牧村江ノ島,しままきむらえのしま
117,後志地方西部,しりべしちほうせいぶ,0139201,寿都町新栄,すっつちょうしんえい
116,後志地方東部,しりべしちほうとうぶ,0140000,倶知安町南１条,くっちゃんちょうみなみいちじょう
117,後志地方西部,しりべしちほうせいぶ,0140201,岩内町高台,いわないちょうたかだい
115,後志地方北部,しりべしちほうほくぶ,0140500,積丹町日司町,しゃこたんちょうひづかちょう
115,後志地方北部,しりべしちほうほくぶ,0140800,余市町朝日町,よいちちょうあさひちょう
120,空知地方北部,そらちちほうほくぶ,0143700,北竜町竜西,ほくりゅうちょうりゅうさい
126,上川地方中部,かみかわちほうちゅうぶ,0145701,上川地方上川町越路,かみかわちほうかみかわちょうこしじ
127,上川地方南部,かみかわちほうなんぶ,0146000,上富良野町大町,かみふらのちょうおおまち
127,上川地方南部,かみかわちほうなんぶ,0146200,南富良野町幾寅,みなみふらのちょういくとら
130,留萌地方中北部,るもいちほうちゅうほくぶ,0148400,羽幌町南３条,はぼろちょうみなみさんじょう
130,留萌地方中北部,るもいちほうちゅうほくぶ,0148401,羽幌町焼尻,はぼろちょうやぎしり
130,留萌地方中北部,るもいちほうちゅうほくぶ,0148500,初山別村有明,しょさんべつむらありあけ
136,宗谷地方南部,そうやちほうなんぶ,0151401,宗谷枝幸町岬町,そうやえさしちょうみさきちょう
136,宗谷地方南部,そうやちほうなんぶ,0151403,宗谷枝幸町本町,そうやえさしちょうほんちょう
139,北海道利尻礼文,ほっかいどうりしりれぶん,0151700,礼文町上泊埼,れぶんちょううえどまりさき
139,北海道利尻礼文,ほっかいどうりしりれぶん,0151900,利尻富士町鬼脇,りしりふじちょうおにわき
140,網走地方,あばしりちほう,0154301,美幌町東３条,びほろちょうひがしさんじょう
140,網走地方,あばしりちほう,0154500,斜里町本町,しゃりちょうほんまち
142,紋別地方,もんべつちほう,0155500,遠軽町丸瀬布金湧山,えんがるちょうまるせっぷきんゆうざん
142,紋別地方,もんべつちほう,0156301,雄武町雄武,おうむちょうおうむ
146,胆振地方中東部,いぶりちほうちゅうとうぶ,0157810,白老町竹浦,しらおいちょうたけうら
146,胆振地方中東部,いぶりちほうちゅうとうぶ,0158100,厚真町鹿沼,あつまちょうしかぬま
150,日高地方西部,ひだかちほうせいぶ,0160200,平取町仁世宇,びらとりちょうにせう
152,日高地方東部,ひだかちほうとうぶ,0160701,浦河町野深,うらかわちょうのぶか
152,日高地方東部,ひだかちほうとうぶ,0160702,浦河町潮見,うらかわちょうしおみ
152,日高地方東部,ひだかちほうとうぶ,0160900,えりも町本町,えりもちょうほんちょう
151,日高地方中部,ひだかちほうちゅうぶ,0161001,新ひだか町静内山手町,しんひだかちょうしずないやまてちょう
151,日高地方中部,ひだかちほうちゅうぶ,0161002,新ひだか町静内御園,しんひだかちょうしずないみその
156,十勝地方中部,とかちちほうちゅうぶ,0163600,十勝清水町南４条,とかちしみずちょうみなみよじょう
157,十勝地方南部,とかちちほうなんぶ,0164200,広尾町並木通,ひろおちょうなみきどおり
157,十勝地方南部,とかちちほうなんぶ,0164201,広尾町白樺通,ひろおちょうしらかばどおり
156,十勝地方中部,とかちちほうちゅうぶ,0164300,幕別町忠類明和,まくべつちょうちゅうるいめいわ
156,十勝地方中部,とかちちほうちゅうぶ,0164600,本別町北２丁目,ほんべつちょうきたにちょうめ
155,十勝地方北部,とかちちほうほくぶ,0164700,足寄町上螺湾,あしょろちょうかみらわん
161,釧路地方中南部,くしろちほうちゅうなんぶ,0166200,厚岸町尾幌,あっけしちょうおぼろ
161,釧路地方中南部,くしろちほうちゅうなんぶ,0166300,浜中町湯沸,はまなかちょうとうふつ
160,釧路地方北部,くしろちほうほくぶ,0166501,弟子屈町美里,てしかがちょうみさと
166,根室地方中部,ねむろちほうちゅうぶ,0169100,別海町常盤,べつかいちょうときわ
165,根室地方北部,ねむろちほうほくぶ,0169200,中標津町養老牛,なかしべつちょうようろううし
165,根室地方北部,ねむろちほうほくぶ,0169300,標津町古多糠,しべつちょうこたぬか
165,根室地方北部,ねむろちほうほくぶ,0169400,羅臼町春日,らうすちょうかすが
200,青森県津軽北部,あおもりけんつがるほくぶ,0220100,青森市花園,あおもりしはなぞの
201,青森県津軽南部,あおもりけんつがるなんぶ,0220200,弘前市和田町,ひろさきしわだちょう
201,青森県津軽南部,あおもりけんつがるなんぶ,0220201,弘前市弥生,ひろさきしやよい
202,青森県三八上北,あおもりけんさんぱちかみきた,0220301,八戸市島守,はちのへししまもり
202,青森県三八上北,あおもりけんさんぱちかみきた,0220302,八戸市湊町,はちのへしみなとまち
200,青森県津軽北部,あおもりけんつがるほくぶ,0220500,五所川原市栄町,ごしょがわらしさかえまち
200,青森県津軽北部,あおもりけんつがるほくぶ,0220501,五所川原市太田,ごしょがわらしおおた
203,青森県下北,あおもりけんしもきた,0220800,むつ市金曲,むつしかなまがり
203,青森県下北,あおもりけんしもきた,0220801,むつ市大畑町奥薬研,むつしおおはたまちおくやげん
200,青森県津軽北部,あおもりけんつがるほくぶ,0230100,平内町小湊,ひらないまちこみなと
201,青森県津軽南部,あおもりけんつがるなんぶ,0232101,鰺ヶ沢町舞戸町鳴戸,あじがさわまちまいとまちなると
201,青森県津軽南部,あおもりけんつがるなんぶ,0232301,深浦町長慶平,ふかうらまちちょうけいだいら
201,青森県津軽南部,あおもりけんつがるなんぶ,0232302,深浦町深浦岡町,ふかうらまちふかうらおかまち
202,青森県三八上北,あおもりけんさんぱちかみきた,0240200,七戸町北天間舘,しちのへまちきたてんまだて
202,青森県三八上北,あおもりけんさんぱちかみきた,0241100,六ヶ所村尾駮,ろっかしょむらおぶち
202,青森県三八上北,あおもりけんさんぱちかみきた,0241101,六ヶ所村出戸,ろっかしょむらでと
203,青森県下北,あおもりけんしもきた,0242400,東通村砂子又蒲谷地,ひがしどおりむらすなごまたがまやち
202,青森県三八上北,あおもりけんさんぱちかみきた,0244200,五戸町古舘,ごのへまちふるだて
212,岩手県内陸北部,いわてけんないりくほくぶ,0320100,盛岡市山王町,もりおかしさんのうちょう
210,岩手県沿岸北部,いわてけんえんがんほくぶ,0320200,宮古市鍬ヶ崎,みやこしくわがさき
210,岩手県沿岸北部,いわてけんえんがんほくぶ,0320201,宮古市長沢,みやこしながさわ
211,岩手県沿岸南部,いわてけんえんがんなんぶ,0320300,大船渡市大船渡町,おおふなとしおおふなとちょう
211,岩手県沿岸南部,いわてけんえんがんなんぶ,0320301,大船渡市猪川町,おおふなとしいかわちょう
213,岩手県内陸南部,いわてけんないりくなんぶ,0320500,花巻市大迫町,はなまきしおおはさままち
213,岩手県内陸南部,いわてけんないりくなんぶ,0320600,北上市柳原町,きたかみしやなぎはらちょう
210,岩手県沿岸北部,いわてけんえんがんほくぶ,0320700,久慈市川崎町,くじしかわさきちょう
210,岩手県沿岸北部,いわてけんえんがんほくぶ,0320701,久慈市枝成沢,くじしえだなりさわ
213,岩手県内陸南部,いわてけんないりくなんぶ,0320902,一関市大東町,いちのせきしだいとうちょう
211,岩手県沿岸南部,いわてけんえんがんなんぶ,0321100,釜石市只越町,かまいししただこえちょう
212,岩手県内陸北部,いわてけんないりくほくぶ,0321301,二戸市福岡,にのへしふくおか
212,岩手県内陸北部,いわてけんないりくほくぶ,0321400,八幡平市大更,はちまんたいしおおぶけ
213,岩手県内陸南部,いわてけんないりくなんぶ,0321500,奥州市水沢大鐘町,おうしゅうしみずさわおおがねちょう
212,岩手県内陸北部,いわてけんないりくほくぶ,0330101,雫石町千刈田,しずくいしちょうせんがりた
212,岩手県内陸北部,いわてけんないりくほくぶ,0330102,雫石町西根上駒木野,しずくいしちょうにしねかみこまきの
212,岩手県内陸北部,いわてけんないりくほくぶ,0330200,葛巻町葛巻元木,くずまきまちくずまきもとき
210,岩手県沿岸北部,いわてけんえんがんほくぶ,0348201,山田町八幡町,やまだまちはちまんちょう
210,岩手県沿岸北部,いわてけんえんがんほくぶ,0348400,田野畑村田野畑,たのはたむらたのはた
210,岩手県沿岸北部,いわてけんえんがんほくぶ,0350700,岩手洋野町種市,いわてひろのちょうたねいち
222,宮城県中部,みやぎけんちゅうぶ,0410101,仙台青葉区大倉,せんだいあおばくおおくら
222,宮城県中部,みやぎけんちゅうぶ,0410201,仙台宮城野区五輪,せんだいみやぎのくごりん
222,宮城県中部,みやぎけんちゅうぶ,0420202,石巻市泉町,いしのまきしいずみちょう
222,宮城県中部,みやぎけんちゅうぶ,0420203,石巻市大瓜,いしのまきしおうり
220,宮城県北部,みやぎけんほくぶ,0420500,気仙沼市赤岩,けせんぬましあかいわ
220,宮城県北部,みやぎけんほくぶ,0420501,気仙沼市本吉町西川内,けせんぬましもとよしちょうにしかわうち
221,宮城県南部,みやぎけんなんぶ,0420700,仙台空港,せんだいくうこう
220,宮城県北部,みやぎけんほくぶ,0421200,登米市中田町,とめしなかだちょう
220,宮城県北部,みやぎけんほくぶ,0421300,栗原市栗駒,くりはらしくりこま
220,宮城県北部,みやぎけんほくぶ,0421500,大崎市古川三日町,おおさきしふるかわみっかまち
220,宮城県北部,みやぎけんほくぶ,0421501,大崎市古川大崎,おおさきしふるかわおおさき
221,宮城県南部,みやぎけんなんぶ,0432300,柴田町船岡,しばたまちふなおか
221,宮城県南部,みやぎけんなんぶ,0434100,丸森町上滝,まるもりまちかみだき
222,宮城県中部,みやぎけんちゅうぶ,0440101,松島町高城,まつしままちたかぎ
220,宮城県北部,みやぎけんほくぶ,0450100,涌谷町新町裏,わくやちょうしんまちうら
220,宮城県北部,みやぎけんほくぶ,0460602,南三陸町志津川,みなみさんりくちょうしづがわ
231,秋田県沿岸南部,あきたけんえんがんなんぶ,0520100,秋田市山王,あきたしさんのう
231,秋田県沿岸南部,あきたけんえんがんなんぶ,0520101,秋田市雄和女米木,あきたしゆうわめめき
230,秋田県沿岸北部,あきたけんえんがんほくぶ,0520200,能代市緑町,のしろしみどりまち
230,秋田県沿岸北部,あきたけんえんがんほくぶ,0520201,能代市常盤山谷,のしろしときわやまや
233,秋田県内陸南部,あきたけんないりくなんぶ,0520301,横手市雄物川町今宿,よこてしおものがわまちいましゅく
232,秋田県内陸北部,あきたけんないりくほくぶ,0520400,大館市比内町味噌内,おおだてしひないまちみそない
230,秋田県沿岸北部,あきたけんえんがんほくぶ,0520601,男鹿市男鹿中,おがしおがなか
233,秋田県内陸南部,あきたけんないりくなんぶ,0520700,湯沢市沖鶴,ゆざわしおきつる
231,秋田県沿岸南部,あきたけんえんがんなんぶ,0521000,由利本荘市石脇,ゆりほんじょうしいしわき
232,秋田県内陸北部,あきたけんないりくほくぶ,0521300,北秋田市花園町,きたあきたしはなぞのちょう
233,秋田県内陸南部,あきたけんないりくなんぶ,0521501,仙北市角館町中菅沢,せんぼくしかくのだてまちなかすがざわ
230,秋田県沿岸北部,あきたけんえんがんほくぶ,0536100,五城目町西磯ノ目,ごじょうめまちにしいそのめ
233,秋田県内陸南部,あきたけんないりくなんぶ,0543400,秋田美郷町六郷東根,あきたみさとちょうろくごうひがしね
242,山形県村山,やまがたけんむらやま,0620100,山形市緑町,やまがたしみどりちょう
243,山形県置賜,やまがたけんおきたま,0620200,米沢市駅前,よねざわしえきまえ
243,山形県置賜,やまがたけんおきたま,0620201,米沢市アルカディア,よねざわしあるかでぃあ
240,山形県庄内,やまがたけんしょうない,0620300,鶴岡市馬場町,つるおかしばばちょう
240,山形県庄内,やまがたけんしょうない,0620301,鶴岡市温海川,つるおかしあつみがわ
240,山形県庄内,やまがたけんしょうない,0620401,酒田市飛島,さかたしとびしま
240,山形県庄内,やまがたけんしょうない,0620402,酒田市亀ケ崎,さかたしかめがさき
241,山形県最上,やまがたけんもがみ,0620500,新庄市東谷地田町,しんじょうしひがしやちたまち
242,山形県村山,やまがたけんむらやま,0632110,河北町吉田,かほくちょうよしだ
241,山形県最上,やまがたけんもがみ,0636100,山形金山町中田,やまがたかねやままちなかだ
243,山形県置賜,やまがたけんおきたま,0640100,山形小国町岩井沢,やまがたおぐにまちいわいざわ
243,山形県置賜,やまがたけんおきたま,0640200,白鷹町黒鴨,しらたかまちくろがも
240,山形県庄内,やまがたけんしょうない,0646100,遊佐町遊佐,ゆざまちゆざ
240,山形県庄内,やまがたけんしょうない,0646101,遊佐町小原田,ゆざまちおはらだ
250,福島県中通り,ふくしまけんなかどおり,0720101,福島市花園町,ふくしましはなぞのちょう
252,福島県会津,ふくしまけんあいづ,0720201,会津若松市材木町,あいづわかまつしざいもくまち
250,福島県中通り,ふくしまけんなかどおり,0720300,郡山市朝日,こおりやましあさひ
251,福島県浜通り,ふくしまけんはまどおり,0720400,いわき市小名浜,いわきしおなはま
251,福島県浜通り,ふくしまけんはまどおり,0720401,いわき市三和町,いわきしみわまち
250,福島県中通り,ふくしまけんなかどおり,0720500,白河市郭内,しらかわしかくない
250,福島県中通り,ふくしまけんなかどおり,0721101,田村市船引町,たむらしふねひきまち
251,福島県浜通り,ふくしまけんはまどおり,0721200,南相馬市原町区三島町,みなみそうましはらまちくみしまちょう
251,福島県浜通り,ふくしまけんはまどおり,0721201,南相馬市鹿島区栃窪,みなみそうましかしまくとちくぼ
250,福島県中通り,ふくしまけんなかどおり,0732201,大玉村南小屋,おおたまむらみなみごや
252,福島県会津,ふくしまけんあいづ,0736801,南会津町田島,みなみあいづまちたじま
252,福島県会津,ふくしまけんあいづ,0740501,西会津町野沢,にしあいづまちのざわ
252,福島県会津,ふくしまけんあいづ,0740800,猪苗代町城南,いなわしろまちしろみなみ
252,福島県会津,ふくしまけんあいづ,0742300,柳津町大成沢,やないづまちおおなりさわ
250,福島県中通り,ふくしまけんなかどおり,0748101,棚倉町棚倉中居野,たなぐらまちたなぐらなかいの
250,福島県中通り,ふくしまけんなかどおり,0750500,古殿町松川横川,ふるどのまちまつかわよこかわ
251,福島県浜通り,ふくしまけんはまどおり,0754400,川内村下川内,かわうちむらしもかわうち
251,福島県浜通り,ふくしまけんはまどおり,0754700,浪江町幾世橋,なみえまちきよはし
300,茨城県北部,いばらきけんほくぶ,0820101,水戸市金町,みとしかねまち
301,茨城県南部,いばらきけんなんぶ,0820301,土浦市常名,つちうらしひたな
301,茨城県南部,いばらきけんなんぶ,0820500,石岡市柿岡,いしおかしかきおか
300,茨城県北部,いばらきけんほくぶ,0821200,常陸太田市町屋町,ひたちおおたしまちやちょう
300,茨城県北部,いばらきけんほくぶ,0822100,ひたちなか市山ノ上町,ひたちなかしやまのうえちょう
301,茨城県南部,いばらきけんなんぶ,0822201,茨城鹿嶋市鉢形,いばらきかしましはちがた
301,茨城県南部,いばらきけんなんぶ,0822300,潮来市堀之内,いたこしほりのうち
300,茨城県北部,いばらきけんほくぶ,0822500,常陸大宮市中富町,ひたちおおみやしなかとみちょう
301,茨城県南部,いばらきけんなんぶ,0822700,筑西市舟生,ちくせいしふにゅう
301,茨城県南部,いばらきけんなんぶ,0822800,坂東市岩井,ばんどうしいわい
301,茨城県南部,いばらきけんなんぶ,0823400,鉾田市鉾田,ほこたしほこた
301,茨城県南部,いばらきけんなんぶ,0856400,利根町布川,とねまちふかわ
311,栃木県南部,とちぎけんなんぶ,0920100,宇都宮市明保野町,うつのみやしあけぼのちょう
311,栃木県南部,とちぎけんなんぶ,0920300,栃木市旭町,とちぎしあさひちょう
310,栃木県北部,とちぎけんほくぶ,0920601,日光市瀬川,にっこうしせがわ
310,栃木県北部,とちぎけんほくぶ,0920602,日光市中宮祠,にっこうしちゅうぐうし
310,栃木県北部,とちぎけんほくぶ,0921000,大田原市黒羽田町,おおたわらしくろばねたまち
310,栃木県北部,とちぎけんほくぶ,0921300,那須塩原市蟇沼,なすしおばらしひきぬま
311,栃木県南部,とちぎけんなんぶ,0921501,那須烏山市神長,なすからすやましかなが
311,栃木県南部,とちぎけんなんぶ,0934200,益子町益子,ましこまちましこ
321,群馬県南部,ぐんまけんなんぶ,1020101,前橋市昭和町,まえばしししょうわまち
321,群馬県南部,ぐんまけんなんぶ,1020301,桐生市錦町,きりゅうしにしきちょう
320,群馬県北部,ぐんまけんほくぶ,1020601,沼田市西倉内町,ぬまたしにしくらうちまち
320,群馬県北部,ぐんまけんほくぶ,1020602,沼田市尾瀬高等学校,ぬまたしおぜこうとうがっこう
321,群馬県南部,ぐんまけんなんぶ,1021000,富岡市七日市,とみおかしなのかいち
320,群馬県北部,ぐんまけんほくぶ,1042100,中之条町日影,なかのじょうまちひかげ
320,群馬県北部,ぐんまけんほくぶ,1042901,東吾妻町原町,ひがしあがつままちはらまち
321,群馬県南部,ぐんまけんなんぶ,1052101,板倉町板倉,いたくらまちいたくら
331,埼玉県南部,さいたまけんなんぶ,1110700,さいたま浦和区高砂,さいたまうらわくたかさご
331,埼玉県南部,さいたまけんなんぶ,1120100,川越市旭町,かわごえしあさひちょう
330,埼玉県北部,さいたまけんほくぶ,1120200,熊谷市桜町,くまがやしさくらちょう
332,埼玉県秩父,さいたまけんちちぶ,1120701,秩父市上町,ちちぶしかみまち
331,埼玉県南部,さいたまけんなんぶ,1120901,飯能市下直竹,はんのうししもなおたけ
330,埼玉県北部,さいたまけんほくぶ,1121101,本庄市児玉町,ほんじょうしこだまちょう
330,埼玉県北部,さいたまけんほくぶ,1123200,久喜市下早見,くきししもはやみ
330,埼玉県北部,さいたまけんほくぶ,1134800,鳩山町大豆戸,はとやままちまめど
332,埼玉県秩父,さいたまけんちちぶ,1136500,小鹿野町両神薄,おがのまちりょうかみすすき
341,千葉県北西部,ちばけんほくせいぶ,1210101,千葉中央区中央港,ちばちゅうおうくちゅうおうこう
341,千葉県北西部,ちばけんほくせいぶ,1210600,千葉美浜区ひび野,ちばみはまくひびの
340,千葉県北東部,ちばけんほくとうぶ,1220200,銚子市川口町,ちょうししかわぐちちょう
340,千葉県北東部,ちばけんほくとうぶ,1220202,銚子市小畑新町,ちょうししこばたけしんまち
342,千葉県南部,ちばけんなんぶ,1220501,館山市長須賀,たてやましながすか
342,千葉県南部,ちばけんなんぶ,1220601,木更津市太田,きさらづしおおだ
341,千葉県北西部,ちばけんほくせいぶ,1221101,成田国際空港,なりたこくさいくうこう
341,千葉県北西部,ちばけんほくせいぶ,1221102,成田市名古屋,なりたしなごや
340,千葉県北東部,ちばけんほくとうぶ,1221300,東金市東新宿,とうがねしひがししんじゅく
341,千葉県北西部,ちばけんほくせいぶ,1221701,柏市旭町,かしわしあさひちょう
342,千葉県南部,ちばけんなんぶ,1221800,勝浦市墨名,かつうらしとな
342,千葉県南部,ちばけんなんぶ,1222300,鴨川市八色,かもがわしやいろ
342,千葉県南部,ちばけんなんぶ,1222301,鴨川市内浦,かもがわしうちうら
341,千葉県北西部,ちばけんほくせいぶ,1222700,浦安市日の出,うらやすしひので
342,千葉県南部,ちばけんなんぶ,1223400,南房総市上堀,みなみぼうそうしかみほり
340,千葉県北東部,ちばけんほくとうぶ,1223602,香取市佐原平田,かとりしさわらひらた
340,千葉県北東部,ちばけんほくとうぶ,1223700,山武市松尾町富士見台,さんむしまつおまちふじみだい
340,千葉県北東部,ちばけんほくとうぶ,1234700,多古町多古,たこまちたこ
340,千葉県北東部,ちばけんほくとうぶ,1242101,一宮町一宮,いちのみやまちいちのみや
340,千葉県北東部,ちばけんほくとうぶ,1242700,長南町総合グラウンド,ちょうなんまちそうごうぐらうんど
350,東京都２３区,とうきょうとにじゅうさんく,1310100,東京千代田区大手町,とうきょうちよだくおおてまち
350,東京都２３区,とうきょうとにじゅうさんく,1310300,東京港区海岸,とうきょうみなとくかいがん
350,東京都２３区,とうきょうとにじゅうさんく,1310400,東京新宿区西新宿,とうきょうしんじゅくくにししんじゅく
350,東京都２３区,とうきょうとにじゅうさんく,1310700,東京墨田区横川,とうきょうすみだくよこかわ
350,東京都２３区,とうきょうとにじゅうさんく,1310800,東京江東区青海,とうきょうこうとうくあおみ
350,東京都２３区,とうきょうとにじゅうさんく,1311102,東京国際空港,とうきょうこくさいくうこう
350,東京都２３区,とうきょうとにじゅうさんく,1311501,東京杉並区阿佐谷,とうきょうすぎなみくあさがや
350,東京都２３区,とうきょうとにじゅうさんく,1312300,東京江戸川区中央,とうきょうえどがわくちゅうおう
351,東京都多摩東部,とうきょうとたまとうぶ,1320100,八王子市大横町,はちおうじしおおよこちょう
352,東京都多摩西部,とうきょうとたませいぶ,1320500,青梅市東青梅,おうめしひがしおうめ
351,東京都多摩東部,とうきょうとたまとうぶ,1321401,国分寺市戸倉,こくぶんじしとくら
355,伊豆大島,いずおおしま,1336103,伊豆大島町差木地,いずおおしままちさしきじ
355,伊豆大島,いずおおしま,1336104,伊豆大島町元町,いずおおしままちもとまち
355,伊豆大島,いずおおしま,1336172,伊豆大島町岡田,いずおおしままちおかた
356,新島,にいじま,1336200,東京利島村東山,とうきょうとしまむらひがしやま
356,新島,にいじま,1336300,新島村大原,にいじまむらおおはら
356,新島,にいじま,1336301,新島村式根島,にいじまむらしきねじま
354,神津島,こうづしま,1336401,神津島村金長,こうづしまむらきんなが
357,三宅島,みやけじま,1338103,三宅村神着,みやけむらかみつき
357,三宅島,みやけじま,1338104,三宅村坪田,みやけむらつぼた
357,三宅島,みやけじま,1338200,御蔵島村西川,みくらじまむらにしかわ
358,八丈島,はちじょうじま,1340103,八丈町樫立,はちじょうまちかしたて
358,八丈島,はちじょうじま,1340104,八丈町三根,はちじょうまちみつね
358,八丈島,はちじょうじま,1340200,青ヶ島村,あおがしまむら
359,小笠原,おがさわら,1342100,小笠原村父島西町,おがさわらむらちちじまにしまち
359,小笠原,おがさわら,1342101,小笠原村父島三日月山,おがさわらむらちちじまみかづきやま
359,小笠原,おがさわら,1342103,小笠原村母島,おがさわらむらははじま
360,神奈川県東部,かながわけんとうぶ,1410199,横浜鶴見区大黒ふ頭,よこはまつるみくだいこくふとう
360,神奈川県東部,かながわけんとうぶ,1410400,横浜中区山手町,よこはまなかくやまてちょう
360,神奈川県東部,かながわけんとうぶ,1413300,川崎中原区小杉陣屋町,かわさきなかはらくこすぎじんやちょう
361,神奈川県西部,かながわけんせいぶ,1415100,相模原緑区若柳,さがみはらみどりくわかやなぎ
361,神奈川県西部,かながわけんせいぶ,1415200,相模原中央区中央,さがみはらちゅうおうくちゅうおう
360,神奈川県東部,かながわけんとうぶ,1420100,横須賀市光の丘,よこすかしひかりのおか
361,神奈川県西部,かながわけんせいぶ,1420600,小田原市久野,おだわらしくの
360,神奈川県東部,かながわけんとうぶ,1420700,茅ヶ崎市茅ヶ崎,ちがさきしちがさき
361,神奈川県西部,かながわけんせいぶ,1421100,秦野市曽屋,はだのしそや
361,神奈川県西部,かながわけんせいぶ,1438401,湯河原町中央,ゆがわらまちちゅうおう
372,新潟県下越,にいがたけんかえつ,1510200,新潟空港,にいがたくうこう
372,新潟県下越,にいがたけんかえつ,1510301,新潟中央区美咲町,にいがたちゅうおうくみさきちょう
372,新潟県下越,にいがたけんかえつ,1510500,新潟秋葉区程島,にいがたあきはくほどじま
372,新潟県下越,にいがたけんかえつ,1510800,新潟西蒲区役所,にいがたにしかんくやくしょ
371,新潟県中越,にいがたけんちゅうえつ,1520200,長岡市幸町,ながおかしさいわいちょう
371,新潟県中越,にいがたけんちゅうえつ,1520800,小千谷市城内,おぢやしじょうない
372,新潟県下越,にいがたけんかえつ,1521200,村上市塩町,むらかみししおまち
370,新潟県上越,にいがたけんじょうえつ,1521600,糸魚川市一の宮,いといがわしいちのみや
372,新潟県下越,にいがたけんかえつ,1521801,五泉市村松乙,ごせんしむらまつおつ
370,新潟県上越,にいがたけんじょうえつ,1522201,上越市中ノ俣,じょうえつしなかのまた
370,新潟県上越,にいがたけんじょうえつ,1522202,上越市大手町,じょうえつしおおてまち
372,新潟県下越,にいがたけんかえつ,1522300,阿賀野市畑江,あがのしはたえ
375,新潟県佐渡,にいがたけんさど,1522401,佐渡市相川金山,さどしあいかわきんざん
375,新潟県佐渡,にいがたけんさど,1522402,佐渡市相川三町目,さどしあいかわさんちょうめ
371,新潟県中越,にいがたけんちゅうえつ,1522501,魚沼市下折立,うおぬまししもおりたて
371,新潟県中越,にいがたけんちゅうえつ,1522600,南魚沼市六日町,みなみうおぬましむいかまち
372,新潟県下越,にいがたけんかえつ,1522700,胎内市新和町,たいないししんわちょう
371,新潟県中越,にいがたけんちゅうえつ,1540500,出雲崎町米田,いずもざきまちこめだ
372,新潟県下越,にいがたけんかえつ,1558600,粟島浦村笹畑,あわしまうらむらささばたけ
380,富山県東部,とやまけんとうぶ,1620100,富山市石坂,とやましいしさか
380,富山県東部,とやまけんとうぶ,1620102,富山市八尾町福島,とやましやつおまちふくじま
381,富山県西部,とやまけんせいぶ,1620200,高岡市伏木,たかおかしふしき
380,富山県東部,とやまけんとうぶ,1620400,魚津市釈迦堂,うおづししゃかどう
381,富山県西部,とやまけんせいぶ,1620901,小矢部市泉町,おやべしいずみちょう
381,富山県西部,とやまけんせいぶ,1621001,南砺市天池,なんとしあまいけ
380,富山県東部,とやまけんとうぶ,1632300,立山町吉峰,たてやままちよしみね
380,富山県東部,とやまけんとうぶ,1634300,富山朝日町道下,とやまあさひまちどうげ
391,石川県加賀,いしかわけんかが,1720100,金沢市西念,かなざわしさいねん
390,石川県能登,いしかわけんのと,1720200,七尾市本府中町,ななおしもとふちゅうまち
391,石川県加賀,いしかわけんかが,1720300,小松市小馬出町,こまつしこんまでまち
390,石川県能登,いしかわけんのと,1720401,輪島市舳倉島,わじましへぐらじま
390,石川県能登,いしかわけんのと,1720402,輪島市鳳至町,わじましふげしまち
390,石川県能登,いしかわけんのと,1720500,珠洲市三崎町,すずしみさきまち
391,石川県加賀,いしかわけんかが,1720600,加賀市直下町,かがしそそりまち
390,石川県能登,いしかわけんのと,1720700,羽咋市柳田町,はくいしやないだまち
391,石川県加賀,いしかわけんかが,1736101,津幡町加賀爪,つばたまちかがつめ
390,石川県能登,いしかわけんのと,1738400,志賀町富来領家町,しかまちとぎりょうけまち
390,石川県能登,いしかわけんのと,1746301,能登町宇出津,のとちょううしつ
400,福井県嶺北,ふくいけんれいほく,1820100,福井市豊島,ふくいしとよしま
401,福井県嶺南,ふくいけんれいなん,1820200,敦賀市松栄町,つるがしまつえちょう
400,福井県嶺北,ふくいけんれいほく,1820600,勝山市旭町,かつやましあさひまち
400,福井県嶺北,ふくいけんれいほく,1820900,越前市高瀬,えちぜんしたかせ
400,福井県嶺北,ふくいけんれいほく,1821001,福井坂井市三国町陣ケ岡,ふくいさかいしみくにちょうじんがおか
401,福井県嶺南,ふくいけんれいなん,1844200,福井美浜町新庄,ふくいみはまちょうしんじょう
401,福井県嶺南,ふくいけんれいなん,1848101,高浜町宮崎,たかはまちょうみやざき
411,山梨県中・西部,やまなしけんちゅうせいぶ,1920100,甲府市飯田,こうふしいいだ
412,山梨県東部・富士五湖,やまなしけんとうぶふじごこ,1920601,大月市大月,おおつきしおおつき
412,山梨県東部・富士五湖,やまなしけんとうぶふじごこ,1921202,上野原市四方津,うえのはらししおつ
411,山梨県中・西部,やまなしけんちゅうせいぶ,1921300,甲州市塩山下於曽,こうしゅうしえんざんしもおぞ
411,山梨県中・西部,やまなしけんちゅうせいぶ,1936500,身延町大磯小磯,みのぶちょうおおいそこいそ
412,山梨県東部・富士五湖,やまなしけんとうぶふじごこ,1943002,富士河口湖町船津,ふじかわぐちこまちふなつ
420,長野県北部,ながのけんほくぶ,2020100,長野市箱清水,ながのしはこしみず
420,長野県北部,ながのけんほくぶ,2020102,長野市松代,ながのしまつしろ
421,長野県中部,ながのけんちゅうぶ,2020201,松本市沢村,まつもとしさわむら
421,長野県中部,ながのけんちゅうぶ,2020301,上田市築地,うえだしついじ
422,長野県南部,ながのけんなんぶ,2020502,飯田市高羽町,いいだしたかはちょう
421,長野県中部,ながのけんちゅうぶ,2020600,諏訪市湖岸通り,すわしこがんどおり
422,長野県南部,ながのけんなんぶ,2020900,伊那市高遠町荊口,いなしたかとおまちばらぐち
420,長野県北部,ながのけんほくぶ,2021200,大町市役所,おおまちしやくしょ
421,長野県中部,ながのけんちゅうぶ,2021700,佐久市下小田切,さくししもおたぎり
421,長野県中部,ながのけんちゅうぶ,2022001,安曇野市穂高支所,あづみのしほたかししょ
421,長野県中部,ながのけんちゅうぶ,2032101,軽井沢町追分,かるいざわまちおいわけ
422,長野県南部,ながのけんなんぶ,2038200,辰野町中央,たつのまちちゅうおう
422,長野県南部,ながのけんなんぶ,2038401,飯島町飯島,いいじままちいいじま
422,長野県南部,ながのけんなんぶ,2041400,泰阜村梨久保,やすおかむらなしくぼ
421,長野県中部,ながのけんちゅうぶ,2045201,筑北村坂井,ちくほくむらさかい
420,長野県北部,ながのけんほくぶ,2056100,山ノ内町平穏,やまのうちまちひらお
432,岐阜県美濃中西部,ぎふけんみのちゅうせいぶ,2120100,岐阜市加納二之丸,ぎふしかのうにのまる
430,岐阜県飛騨,ぎふけんひだ,2120301,高山市丹生川町森部,たかやましにゅうかわちょうもりぶ
430,岐阜県飛騨,ぎふけんひだ,2120302,高山市桐生町,たかやましきりうまち
431,岐阜県美濃東部,ぎふけんみのとうぶ,2120600,中津川市かやの木町,なかつがわしかやのきちょう
431,岐阜県美濃東部,ぎふけんみのとうぶ,2121100,美濃加茂市太田町,みのかもしおおたちょう
432,岐阜県美濃中西部,ぎふけんみのちゅうせいぶ,2121501,岐阜山県市谷合運動場,ぎふやまがたしたにあいうんどうじょう
430,岐阜県飛騨,ぎふけんひだ,2121701,飛騨市神岡町殿,ひだしかみおかちょうとの
432,岐阜県美濃中西部,ぎふけんみのちゅうせいぶ,2121900,郡上市八幡町島谷,ぐじょうしはちまんちょうしまだに
430,岐阜県飛騨,ぎふけんひだ,2122000,下呂市森,げろしもり
432,岐阜県美濃中西部,ぎふけんみのちゅうせいぶ,2140102,揖斐川町三輪,いびがわちょうみわ
431,岐阜県美濃東部,ぎふけんみのとうぶ,2150600,白川町黒川,しらかわちょうくろかわ
442,静岡県中部,しずおかけんちゅうぶ,2210201,静岡駿河区曲金,しずおかするがくまがりかね
442,静岡県中部,しずおかけんちゅうぶ,2210300,静岡清水区千歳町,しずおかしみずくちとせちょう
443,静岡県西部,しずおかけんせいぶ,2213801,浜松中央区高丘東,はままつちゅうおうくたかおかひがし
443,静岡県西部,しずおかけんせいぶ,2213900,浜松浜名区三ヶ日町,はままつはまなくみっかびちょう
443,静岡県西部,しずおかけんせいぶ,2213901,浜松浜名区滝沢町,はままつはまなくたきさわちょう
440,静岡県伊豆,しずおかけんいず,2220501,熱海市網代,あたみしあじろ
441,静岡県東部,しずおかけんとうぶ,2220601,三島市東本町,みしましひがしほんちょう
441,静岡県東部,しずおかけんとうぶ,2220701,富士宮市弓沢町,ふじのみやしゆみざわちょう
440,静岡県伊豆,しずおかけんいず,2220800,伊東市大原,いとうしおおはら
442,静岡県中部,しずおかけんちゅうぶ,2220901,島田市川根町家山,しまだしかわねちょういえやま
442,静岡県中部,しずおかけんちゅうぶ,2220903,島田市元島田,しまだしもとしまだ
441,静岡県東部,しずおかけんとうぶ,2221000,富士市富士総合運動公園,ふじしふじそうごううんどうこうえん
443,静岡県西部,しずおかけんせいぶ,2221300,掛川市篠場,かけがわししのんば
441,静岡県東部,しずおかけんとうぶ,2221500,御殿場市萩原,ごてんばしはぎわら
443,静岡県西部,しずおかけんせいぶ,2221600,袋井市新屋,ふくろいしあらや
440,静岡県伊豆,しずおかけんいず,2221900,下田市加増野,しもだしかぞうの
440,静岡県伊豆,しずおかけんいず,2222200,伊豆市中伊豆グラウンド,いずしなかいずぐらうんど
443,静岡県西部,しずおかけんせいぶ,2222301,御前崎市御前崎,おまえざきしおまえざき
442,静岡県中部,しずおかけんちゅうぶ,2222600,牧之原市鬼女新田,まきのはらしきじょしんでん
440,静岡県伊豆,しずおかけんいず,2230402,南伊豆町石廊崎,みなみいずちょういろうざき
451,愛知県西部,あいちけんせいぶ,2310100,名古屋千種区日和町,なごやちくさくひよりちょう
450,愛知県東部,あいちけんとうぶ,2320100,豊橋市向山,とよはししむかいやま
451,愛知県西部,あいちけんせいぶ,2320201,岡崎市若宮町,おかざきしわかみやちょう
451,愛知県西部,あいちけんせいぶ,2320300,一宮市千秋,いちのみやしちあき
451,愛知県西部,あいちけんせいぶ,2321100,豊田市小坂本町,とよたしこざかほんまち
451,愛知県西部,あいちけんせいぶ,2321101,豊田市大洞町,とよたしおおぼらちょう
451,愛知県西部,あいちけんせいぶ,2321310,西尾市一色町,にしおしいっしきちょう
451,愛知県西部,あいちけんせいぶ,2321601,中部国際空港,ちゅうぶこくさいくうこう
451,愛知県西部,あいちけんせいぶ,2321602,常滑市飛香台,とこなめしあすかだい
450,愛知県東部,あいちけんとうぶ,2322100,新城市乗本,しんしろしのりもと
450,愛知県東部,あいちけんとうぶ,2322102,新城市作手清岳,しんしろしつくできよおか
450,愛知県東部,あいちけんとうぶ,2323101,田原市石神町,たはらしいしがみちょう
450,愛知県東部,あいちけんとうぶ,2323102,田原市福江町,たはらしふくえちょう
451,愛知県西部,あいちけんせいぶ,2323201,愛西市稲葉町,あいさいしいなばちょう
451,愛知県西部,あいちけんせいぶ,2344500,南知多町豊浜,みなみちたちょうとよはま
461,三重県中部,みえけんちゅうぶ,2420100,津市島崎町,つししまざきちょう
461,三重県中部,みえけんちゅうぶ,2420101,津市片田薬王寺町,つしかただやくおうじちょう
460,三重県北部,みえけんほくぶ,2420201,四日市市日永,よっかいちしひなが
462,三重県南部,みえけんなんぶ,2420301,伊勢市矢持町,いせしやもちちょう
461,三重県中部,みえけんちゅうぶ,2420401,松阪市上川町,まつさかしうえがわちょう
460,三重県北部,みえけんほくぶ,2420700,鈴鹿市西条,すずかしにしじょう
462,三重県南部,みえけんなんぶ,2420901,尾鷲市南陽町,おわせしなんようちょう
462,三重県南部,みえけんなんぶ,2421501,志摩市志摩町和具,しまししまちょうわぐ
461,三重県中部,みえけんちゅうぶ,2421601,伊賀市緑ケ丘本町,いがしみどりがおかほんまち
462,三重県南部,みえけんなんぶ,2454300,三重紀北町十須,みえきほくちょうじゅうす
462,三重県南部,みえけんなんぶ,2456100,三重御浜町寺谷総合公園,みえみはまちょうてらだにそうごうこうえん
501,滋賀県南部,しがけんなんぶ,2520100,大津市御陵町,おおつしごりょうちょう
501,滋賀県南部,しがけんなんぶ,2520103,大津市南小松,おおつしみなみこまつ
500,滋賀県北部,しがけんほくぶ,2520201,彦根市城町,ひこねししろまち
501,滋賀県南部,しがけんなんぶ,2520401,近江八幡市桜宮町,おうみはちまんしさくらみやちょう
501,滋賀県南部,しがけんなんぶ,2520901,甲賀市水口町,こうかしみなくちちょう
501,滋賀県南部,しがけんなんぶ,2521300,東近江市君ヶ畑町,ひがしおうみしきみがはたちょう
511,京都府南部,きょうとふなんぶ,2610400,京都中京区西ノ京,きょうとなかぎょうくにしのきょう
510,京都府北部,きょうとふほくぶ,2620100,福知山市内記,ふくちやましないき
510,京都府北部,きょうとふほくぶ,2620200,舞鶴市下福井,まいづるししもふくい
511,京都府南部,きょうとふなんぶ,2620400,宇治市宇治琵琶,うじしうじびわ
511,京都府南部,きょうとふなんぶ,2620600,亀岡市安町,かめおかしやすまち
510,京都府北部,きょうとふほくぶ,2621200,京丹後市弥栄町吉沢,きょうたんごしやさかちょうよしさわ
511,京都府南部,きょうとふなんぶ,2640700,京丹波町坂原,きょうたんばちょうさかばら
520,大阪府北部,おおさかふほくぶ,2712800,大阪中央区大手前,おおさかちゅうおうくおおてまえ
521,大阪府南部,おおさかふなんぶ,2714200,大阪堺市中区深井清水町,おおさかさかいしなかくふかいしみずちょう
521,大阪府南部,おおさかふなんぶ,2720200,岸和田市岸城町,きしわだしきしきちょう
520,大阪府北部,おおさかふほくぶ,2720300,大阪国際空港,おおさかこくさいくうこう
520,大阪府北部,おおさかふほくぶ,2720700,高槻市桃園町,たかつきしとうえんちょう
521,大阪府南部,おおさかふなんぶ,2721400,富田林市本町,とんだばやししほんまち
520,大阪府北部,おおさかふほくぶ,2722000,箕面市箕面,みのおしみのお
521,大阪府南部,おおさかふなんぶ,2736200,関西国際空港,かんさいこくさいくうこう
531,兵庫県南東部,ひょうごけんなんとうぶ,2811001,神戸中央区脇浜,こうべちゅうおうくわきのはま
532,兵庫県南西部,ひょうごけんなんせいぶ,2820100,姫路市神子岡前,ひめじしみこおかまえ
531,兵庫県南東部,ひょうごけんなんとうぶ,2820300,明石市中崎,あかししなかさき
531,兵庫県南東部,ひょうごけんなんとうぶ,2820400,西宮市宮前町,にしのみやしみやまえちょう
535,兵庫県淡路島,ひょうごけんあわじしま,2820501,洲本市物部,すもとしものべ
532,兵庫県南西部,ひょうごけんなんせいぶ,2820800,相生市旭,あいおいしあさひ
530,兵庫県北部,ひょうごけんほくぶ,2820901,豊岡市桜町,とよおかしさくらまち
531,兵庫県南東部,ひょうごけんなんとうぶ,2821000,加古川市加古川町,かこがわしかこがわちょう
531,兵庫県南東部,ひょうごけんなんとうぶ,2821500,三木市細川町,みきしほそかわちょう
531,兵庫県南東部,ひょうごけんなんとうぶ,2821900,三田市下深田,さんだししもふかた
531,兵庫県南東部,ひょうごけんなんとうぶ,2822000,加西市下万願寺町,かさいししもまんがんじちょう
531,兵庫県南東部,ひょうごけんなんとうぶ,2822100,丹波篠山市北新町,たんばささやましきたしんまち
535,兵庫県淡路島,ひょうごけんあわじしま,2822401,南あわじ市福良,みなみあわじしふくら
530,兵庫県北部,ひょうごけんほくぶ,2822500,朝来市和田山町枚田,あさごしわだやまちょうひらた
535,兵庫県淡路島,ひょうごけんあわじしま,2822602,淡路市長澤,あわじしながさわ
535,兵庫県淡路島,ひょうごけんあわじしま,2822603,淡路市富島,あわじしとしま
532,兵庫県南西部,ひょうごけんなんせいぶ,2822701,宍粟市山崎町中広瀬,しそうしやまさきちょうなかびろせ
531,兵庫県南東部,ひょうごけんなんとうぶ,2822801,加東市社,かとうしやしろ
530,兵庫県北部,ひょうごけんほくぶ,2858500,兵庫香美町香住区三川,ひょうごかみちょうかすみくみかわ
540,奈良県,ならけん,2920102,奈良市西紀寺町,ならしにしきでらちょう
540,奈良県,ならけん,2920601,桜井市初瀬,さくらいしはせ
540,奈良県,ならけん,2934200,平群町鳴川,へぐりちょうなるかわ
540,奈良県,ならけん,2944201,大淀町桧垣本,おおよどちょうひがいもと
540,奈良県,ならけん,2944600,天川村洞川,てんかわむらどろがわ
550,和歌山県北部,わかやまけんほくぶ,3020100,和歌山市男野芝丁,わかやましおのしばちょう
550,和歌山県北部,わかやまけんほくぶ,3020401,有田市箕島,ありだしみのしま
550,和歌山県北部,わかやまけんほくぶ,3020500,御坊市薗,ごぼうしその
551,和歌山県南部,わかやまけんなんぶ,3020600,田辺市中辺路町近露,たなべしなかへちちょうちかつゆ
551,和歌山県南部,わかやまけんなんぶ,3020702,新宮市新宮,しんぐうししんぐう
550,和歌山県北部,わかやまけんほくぶ,3020801,紀の川市粉河,きのかわしこかわ
550,和歌山県北部,わかやまけんほくぶ,3034401,高野町高野山中学校,こうやちょうこうやさんちゅうがっこう
550,和歌山県北部,わかやまけんほくぶ,3039100,みなべ町土井,みなべちょうどい
551,和歌山県南部,わかやまけんなんぶ,3040102,白浜町消防本部,しらはまちょうしょうぼうほんぶ
551,和歌山県南部,わかやまけんなんぶ,3042401,古座川町高池,こざがわちょうたかいけ
551,和歌山県南部,わかやまけんなんぶ,3042801,串本町潮岬,くしもとちょうしおのみさき
560,鳥取県東部,とっとりけんとうぶ,3120100,鳥取市吉方,とっとりしよしかた
563,鳥取県西部,とっとりけんせいぶ,3120202,米子市博労町,よなごしばくろうまち
562,鳥取県中部,とっとりけんちゅうぶ,3120301,倉吉市岩倉長峯,くらよししいわくらながみね
563,鳥取県西部,とっとりけんせいぶ,3120401,境港市東本町,さかいみなとしひがしほんまち
560,鳥取県東部,とっとりけんとうぶ,3130201,岩美町浦富,いわみちょううらどめ
560,鳥取県東部,とっとりけんとうぶ,3132800,智頭町智頭,ちづちょうちづ
570,島根県東部,しまねけんとうぶ,3220101,松江市西生馬町,まつえしにしいくまちょう
570,島根県東部,しまねけんとうぶ,3220102,松江市西津田,まつえしにしつだ
571,島根県西部,しまねけんせいぶ,3220201,浜田市大辻町,はまだしおおつじちょう
570,島根県東部,しまねけんとうぶ,3220301,出雲市今市町,いずもしいまいちちょう
570,島根県東部,しまねけんとうぶ,3220302,出雲市坂浦町,いずもしさかうらちょう
571,島根県西部,しまねけんせいぶ,3220400,益田市匹見町石谷,ますだしひきみちょういしだに
570,島根県東部,しまねけんとうぶ,3220900,雲南市大東町大東,うんなんしだいとうちょうだいとう
571,島根県西部,しまねけんせいぶ,3244800,島根美郷町君谷,しまねみさとちょうきみたに
575,島根県隠岐,しまねけんおき,3252801,隠岐の島町西町,おきのしまちょうにしまち
575,島根県隠岐,しまねけんおき,3252802,隠岐の島町山田,おきのしまちょうやまだ
581,岡山県南部,おかやまけんなんぶ,3310100,岡山北区桑田町,おかやまきたくくわだちょう
581,岡山県南部,おかやまけんなんぶ,3310101,岡山北区足守,おかやまきたくあしもり
581,岡山県南部,おかやまけんなんぶ,3320200,倉敷市新田,くらしきししんでん
580,岡山県北部,おかやまけんほくぶ,3320301,津山市林田,つやましはいだ
580,岡山県北部,おかやまけんほくぶ,3321000,新見市新見,にいみしにいみ
581,岡山県南部,おかやまけんなんぶ,3321100,備前市伊部,びぜんしいんべ
581,岡山県南部,おかやまけんなんぶ,3321300,赤磐市上市,あかいわしかみいち
580,岡山県北部,おかやまけんほくぶ,3321500,美作市尾谷,みまさかしおたに
581,岡山県南部,おかやまけんなんぶ,3321600,浅口市天草公園,あさくちしあまくさこうえん
592,広島県南西部,ひろしまけんなんせいぶ,3410100,広島中区上八丁堀,ひろしまなかくかみはっちょうぼり
592,広島県南西部,ひろしまけんなんせいぶ,3420200,呉市宝町,くれしたからまち
592,広島県南西部,ひろしまけんなんせいぶ,3420202,呉市音戸中学校,くれしおんどちゅうがっこう
591,広島県南東部,ひろしまけんなんとうぶ,3420400,三原市円一町,みはらしえんいちちょう
591,広島県南東部,ひろしまけんなんとうぶ,3420401,広島空港,ひろしまくうこう
591,広島県南東部,ひろしまけんなんとうぶ,3420700,福山市松永町,ふくやましまつながちょう
590,広島県北部,ひろしまけんほくぶ,3420900,広島三次市十日市中,ひろしまみよししとうかいちなか
590,広島県北部,ひろしまけんほくぶ,3421000,庄原市西城町熊野,しょうばらしさいじょうちょうくまの
592,広島県南西部,ひろしまけんなんせいぶ,3421200,東広島市黒瀬町,ひがしひろしましくろせちょう
590,広島県北部,ひろしまけんほくぶ,3436901,北広島町都志見,きたひろしまちょうつしみ
590,広島県北部,ひろしまけんほくぶ,3436902,北広島町有田,きたひろしまちょうありだ
702,山口県西部,やまぐちけんせいぶ,3520100,下関市竹崎,しものせきしたけざき
702,山口県西部,やまぐちけんせいぶ,3520102,下関市豊浦町川棚,しものせきしとようらちょうかわたな
702,山口県西部,やまぐちけんせいぶ,3520201,宇部市野中,うべしのなか
704,山口県中部,やまぐちけんちゅうぶ,3520302,山口市前町,やまぐちしまえまち
700,山口県北部,やまぐちけんほくぶ,3520401,萩市土原,はぎしひじわら
700,山口県北部,やまぐちけんほくぶ,3520402,萩市見島宇津,はぎしみしまうつ
704,山口県中部,やまぐちけんちゅうぶ,3520601,防府市寿,ほうふしことぶき
704,山口県中部,やまぐちけんちゅうぶ,3520701,下松市瀬戸,くだまつしせと
703,山口県東部,やまぐちけんとうぶ,3520803,岩国市今津,いわくにしいまづ
703,山口県東部,やまぐちけんとうぶ,3534301,田布施町下田布施,たぶせちょうしもたぶせ
600,徳島県北部,とくしまけんほくぶ,3620101,徳島市大和町,とくしましやまとちょう
600,徳島県北部,とくしまけんほくぶ,3620201,鳴門市撫養町,なるとしむやちょう
601,徳島県南部,とくしまけんなんぶ,3620400,阿南市富岡町,あなんしとみおかちょう
600,徳島県北部,とくしまけんほくぶ,3620500,吉野川市鴨島町,よしのがわしかもじまちょう
600,徳島県北部,とくしまけんほくぶ,3620701,美馬市穴吹ふれスポ公園,みましあなぶきふれすぽこうえん
600,徳島県北部,とくしまけんほくぶ,3620702,美馬市脇町,みましわきまち
600,徳島県北部,とくしまけんほくぶ,3620802,徳島三好市池田町サラダ,とくしまみよししいけだちょうさらだ
601,徳島県南部,とくしまけんなんぶ,3636800,那賀町横石,なかちょうよこいし
610,香川県東部,かがわけんとうぶ,3720101,高松空港,たかまつくうこう
610,香川県東部,かがわけんとうぶ,3720102,高松市伏石町,たかまつしふせいしちょう
611,香川県西部,かがわけんせいぶ,3720300,坂出市王越町,さかいでしおうごしちょう
611,香川県西部,かがわけんせいぶ,3720501,観音寺市坂本町,かんおんじしさかもとちょう
610,香川県東部,かがわけんとうぶ,3720701,東かがわ市西村,ひがしかがわしにしむら
610,香川県東部,かがわけんとうぶ,3732201,土庄町淵崎,とのしょうちょうふちざき
611,香川県西部,かがわけんせいぶ,3740400,多度津町家中,たどつちょうかちゅう
621,愛媛県中予,えひめけんちゅうよ,3820101,松山市北持田町,まつやましきたもちだまち
620,愛媛県東予,えひめけんとうよ,3820200,今治市南宝来町二丁目,いまばりしみなみほうらいちょうにちょうめ
622,愛媛県南予,えひめけんなんよ,3820300,宇和島市住吉町,うわじましすみよしちょう
622,愛媛県南予,えひめけんなんよ,3820400,八幡浜市広瀬,やわたはましひろせ
620,愛媛県東予,えひめけんとうよ,3820500,新居浜市一宮町,にいはましいっくちょう
620,愛媛県東予,えひめけんとうよ,3820600,西条市丹原町鞍瀬,さいじょうしたんばらちょうくらせ
622,愛媛県南予,えひめけんなんよ,3820700,大洲市豊茂,おおずしとよしげ
622,愛媛県南予,えひめけんなんよ,3821400,西予市野村町,せいよしのむらちょう
622,愛媛県南予,えひめけんなんよ,3848800,愛媛鬼北町成川,えひめきほくちょうなるかわ
631,高知県中部,こうちけんちゅうぶ,3920100,高知市本町,こうちしほんまち
631,高知県中部,こうちけんちゅうぶ,3920101,高知市春野町芳原,こうちしはるのちょうよしはら
630,高知県東部,こうちけんとうぶ,3920201,室戸市吉良川町,むろとしきらがわちょう
630,高知県東部,こうちけんとうぶ,3920202,室戸市室戸岬町,むろとしむろとみさきちょう
630,高知県東部,こうちけんとうぶ,3920300,安芸市西浜,あきしにしはま
631,高知県中部,こうちけんちゅうぶ,3920600,須崎市山手町,すさきしやまてちょう
632,高知県西部,こうちけんせいぶ,3920800,宿毛市片島,すくもしかたしま
632,高知県西部,こうちけんせいぶ,3920901,土佐清水市有永,とさしみずしありなが
632,高知県西部,こうちけんせいぶ,3920902,土佐清水市足摺岬,とさしみずしあしずりみさき
631,高知県中部,こうちけんちゅうぶ,3921200,香美市土佐山田町宝町,かみしとさやまだちょうたからまち
631,高知県中部,こうちけんちゅうぶ,3921201,香美市物部町神池,かみしものべちょうかみいけ
632,高知県西部,こうちけんせいぶ,3941200,四万十町窪川中津川,しまんとちょうくぼかわなかつがわ
632,高知県西部,こうちけんせいぶ,3942801,黒潮町入野,くろしおちょういりの
711,福岡県北九州,ふくおかけんきたきゅうしゅう,4010800,北九州八幡東区桃園,きたきゅうしゅうやはたひがしくももぞの
710,福岡県福岡,ふくおかけんふくおか,4013200,福岡空港,ふくおかくうこう
710,福岡県福岡,ふくおかけんふくおか,4013300,福岡中央区大濠,ふくおかちゅうおうくおおほり
710,福岡県福岡,ふくおかけんふくおか,4013700,福岡早良区板屋,ふくおかさわらくいたや
713,福岡県筑後,ふくおかけんちくご,4020200,大牟田市笹林,おおむたしささばやし
713,福岡県筑後,ふくおかけんちくご,4020300,久留米市津福本町,くるめしつぶくほんまち
712,福岡県筑豊,ふくおかけんちくほう,4020501,飯塚市川島,いいづかしかわしま
713,福岡県筑後,ふくおかけんちくご,4021000,八女市黒木町北木屋,やめしくろぎまちきたごや
710,福岡県福岡,ふくおかけんふくおか,4022400,福津市手光,ふくつしてびか
710,福岡県福岡,ふくおかけんふくおか,4023000,糸島市志摩初,いとしまししまはつ
713,福岡県筑後,ふくおかけんちくご,4044700,筑前町下高場,ちくぜんまちしもたかば
712,福岡県筑豊,ふくおかけんちくほう,4061000,福智町上野,ふくちまちあがの
711,福岡県北九州,ふくおかけんきたきゅうしゅう,4062100,苅田町若久,かんだまちわかひさ
721,佐賀県南部,さがけんなんぶ,4120100,佐賀市駅前中央,さがしえきまえちゅうおう
720,佐賀県北部,さがけんほくぶ,4120200,唐津市西城内,からつしにしじょうない
721,佐賀県南部,さがけんなんぶ,4120900,嬉野市不動山,うれしのしふどうやま
721,佐賀県南部,さがけんなんぶ,4144100,太良町多良,たらちょうたら
731,長崎県南西部,ながさきけんなんせいぶ,4220100,長崎市南山手,ながさきしみなみやまて
731,長崎県南西部,ながさきけんなんせいぶ,4220102,長崎市黒浜町,ながさきしくろはままち
731,長崎県南西部,ながさきけんなんせいぶ,4220103,長崎市長浦町,ながさきしながうらまち
730,長崎県北部,ながさきけんほくぶ,4220201,佐世保市干尽町,させぼしひづくしちょう
731,長崎県南西部,ながさきけんなんせいぶ,4220401,諫早市東小路町,いさはやしひがしこうじまち
730,長崎県北部,ながさきけんほくぶ,4220701,平戸市岩の上町,ひらどしいわのうえちょう
735,長崎県対馬,ながさきけんつしま,4220900,長崎対馬市厳原町東里,ながさきつしましいづはらまちひがしざと
735,長崎県対馬,ながさきけんつしま,4220901,長崎対馬市上県町飼所,ながさきつしましかみあがたまちかいどころ
735,長崎県対馬,ながさきけんつしま,4220902,長崎対馬市美津島町鴨居瀬,ながさきつしましみつしままちかもいせ
736,長崎県壱岐,ながさきけんいき,4221000,壱岐市芦辺町中野,いきしあしべちょうなかの
737,長崎県五島,ながさきけんごとう,4221101,五島市富江町繁敷,ごとうしとみえまちしげじき
737,長崎県五島,ながさきけんごとう,4221102,五島市木場町,ごとうしこばちょう
732,長崎県島原半島,ながさきけんしまばらはんとう,4221300,雲仙市国見町,うんぜんしくにみちょう
732,長崎県島原半島,ながさきけんしまばらはんとう,4221301,雲仙市小浜町雲仙,うんぜんしおばまちょううんぜん
741,熊本県熊本,くまもとけんくまもと,4310300,熊本西区春日,くまもとにしくかすが
741,熊本県熊本,くまもとけんくまもと,4320200,八代市平山新町,やつしろしひらやましんまち
741,熊本県熊本,くまもとけんくまもと,4320202,八代市泉町,やつしろしいずみまち
742,熊本県球磨,くまもとけんくま,4320301,人吉市西間下町,ひとよししにしあいだしもまち
741,熊本県熊本,くまもとけんくまもと,4320600,玉名市築地,たまなしついじ
743,熊本県天草・芦北,くまもとけんあまくさあしきた,4321200,上天草市大矢野町,かみあまくさしおおやのまち
741,熊本県熊本,くまもとけんくまもと,4321300,宇城市松橋町,うきしまつばせまち
743,熊本県天草・芦北,くまもとけんあまくさあしきた,4321500,天草市本町,あまくさしほんまち
743,熊本県天草・芦北,くまもとけんあまくさあしきた,4321501,天草市牛深町,あまくさしうしぶかまち
740,熊本県阿蘇,くまもとけんあそ,4343300,南阿蘇村中松,みなみあそむらなかまつ
743,熊本県天草・芦北,くまもとけんあまくさあしきた,4348201,芦北町芦北,あしきたまちあしきた
742,熊本県球磨,くまもとけんくま,4350500,多良木町多良木,たらぎまちたらぎ
751,大分県中部,おおいたけんちゅうぶ,4420102,大分市明野北,おおいたしあけのきた
751,大分県中部,おおいたけんちゅうぶ,4420200,別府市鶴見,べっぷしつるみ
751,大分県中部,おおいたけんちゅうぶ,4420201,別府市天間,べっぷしあまま
750,大分県北部,おおいたけんほくぶ,4420300,中津市上宮永,なかつしかみみやなが
753,大分県西部,おおいたけんせいぶ,4420401,日田市中津江村合瀬,ひたしなかつえむらごうせ
753,大分県西部,おおいたけんせいぶ,4420402,日田市三本松,ひたしさんぼんまつ
752,大分県南部,おおいたけんなんぶ,4420501,佐伯市蒲江蒲江浦,さいきしかまえかまえうら
752,大分県南部,おおいたけんなんぶ,4420502,佐伯市堅田,さいきしかたた
752,大分県南部,おおいたけんなんぶ,4420503,佐伯市蒲江猪串浦,さいきしかまえいのくしうら
751,大分県中部,おおいたけんちゅうぶ,4420600,臼杵市乙見,うすきしおとみ
752,大分県南部,おおいたけんなんぶ,4421200,豊後大野市三重町,ぶんごおおのしみえまち
750,大分県北部,おおいたけんほくぶ,4421400,国東市国見町西方寺,くにさきしくにみまちさいほうじ
750,大分県北部,おおいたけんほくぶ,4421401,国東市鶴川,くにさきしつるかわ
753,大分県西部,おおいたけんせいぶ,4446200,玖珠町帆足,くすまちほあし
762,宮崎県南部平野部,みやざきけんなんぶへいやぶ,4520101,宮崎市霧島,みやざきしきりしま
763,宮崎県南部山沿い,みやざきけんなんぶやまぞい,4520200,都城市菖蒲原,みやこのじょうしあやめばる
763,宮崎県南部山沿い,みやざきけんなんぶやまぞい,4520201,都城市高崎町江平,みやこのじょうしたかざきちょうえひら
760,宮崎県北部平野部,みやざきけんほくぶへいやぶ,4520303,延岡市天神小路,のべおかしてんじんこうじ
760,宮崎県北部平野部,みやざきけんほくぶへいやぶ,4520304,延岡市北方総合運動公園,のべおかしきたかたそうごううんどうこうえん
762,宮崎県南部平野部,みやざきけんなんぶへいやぶ,4520400,日南市油津,にちなんしあぶらつ
762,宮崎県南部平野部,みやざきけんなんぶへいやぶ,4520401,日南市北郷町大藤,にちなんしきたごうちょうおおふじ
763,宮崎県南部山沿い,みやざきけんなんぶやまぞい,4520501,小林市真方,こばやししまかた
760,宮崎県北部平野部,みやざきけんほくぶへいやぶ,4520601,日向市亀崎,ひゅうがしかめざき
760,宮崎県北部平野部,みやざきけんほくぶへいやぶ,4520602,日向市大王谷運動公園,ひゅうがしだいおうだにうんどうこうえん
762,宮崎県南部平野部,みやざきけんなんぶへいやぶ,4520701,串間市奈留,くしましなる
760,宮崎県北部平野部,みやざきけんほくぶへいやぶ,4540200,新富町上富田,しんとみちょうかみとんだ
760,宮崎県北部平野部,みやざきけんほくぶへいやぶ,4540600,宮崎都農町川北,みやざきつのちょうかわきた
761,宮崎県北部山沿い,みやざきけんほくぶやまぞい,4544100,高千穂町三田井,たかちほちょうみたい
770,鹿児島県薩摩,かごしまけんさつま,4620100,鹿児島市東郡元,かごしましひがしこおりもと
770,鹿児島県薩摩,かごしまけんさつま,4620101,鹿児島市下福元,かごしまししもふくもと
771,鹿児島県大隅,かごしまけんおおすみ,4620300,鹿屋市新栄町,かのやししんえいちょう
770,鹿児島県薩摩,かごしまけんさつま,4620401,枕崎市高見町,まくらざきしたかみちょう
770,鹿児島県薩摩,かごしまけんさつま,4620601,阿久根市赤瀬川,あくねしあかせがわ
770,鹿児島県薩摩,かごしまけんさつま,4621000,指宿市山川新生町,いぶすきしやまがわしんせいちょう
776,鹿児島県種子島,かごしまけんたねがしま,4621301,西之表市住吉,にしのおもてしすみよし
776,鹿児島県種子島,かごしまけんたねがしま,4621302,西之表市西之表,にしのおもてしにしのおもて
770,鹿児島県薩摩,かごしまけんさつま,4621500,薩摩川内市中郷,さつませんだいしちゅうごう
775,鹿児島県甑島,かごしまけんこしきしま,4621501,薩摩川内市下甑町青瀬,さつませんだいししもこしきちょうあおせ
770,鹿児島県薩摩,かごしまけんさつま,4621800,霧島市隼人町内山田,きりしましはやとちょううちやまだ
770,鹿児島県薩摩,かごしまけんさつま,4621802,鹿児島空港,かごしまくうこう
771,鹿児島県大隅,かごしまけんおおすみ,4622100,志布志市志布志町志布志,しぶしししぶしちょうしぶし
778,鹿児島県奄美北部,かごしまけんあまみほくぶ,4622200,奄美市名瀬港町,あまみしなぜみなとまち
770,鹿児島県薩摩,かごしまけんさつま,4622400,伊佐市大口山野,いさしおおくちやまの
774,鹿児島県十島村,かごしまけんとしまむら,4630401,鹿児島十島村中之島徳之尾,かごしまとしまむらなかのしまとくのお
770,鹿児島県薩摩,かごしまけんさつま,4639201,さつま町宮之城屋地,さつまちょうみやのじょうやち
771,鹿児島県大隅,かごしまけんおおすみ,4649000,錦江町田代麓,きんこうちょうたしろふもと
776,鹿児島県種子島,かごしまけんたねがしま,4650200,南種子町中之下,みなみたねちょうなかのしも
777,鹿児島県屋久島,かごしまけんやくしま,4650500,屋久島町小瀬田,やくしまちょうこせだ
777,鹿児島県屋久島,かごしまけんやくしま,4650501,屋久島町口永良部島池田,やくしまちょうくちのえらぶじまいけだ
777,鹿児島県屋久島,かごしまけんやくしま,4650502,屋久島町平内,やくしまちょうひらうち
778,鹿児島県奄美北部,かごしまけんあまみほくぶ,4652500,瀬戸内町西古見,せとうちちょうにしこみ
778,鹿児島県奄美北部,かごしまけんあまみほくぶ,4652700,龍郷町屋入,たつごうちょうやにゅう
778,鹿児島県奄美北部,かごしまけんあまみほくぶ,4652900,喜界町滝川,きかいちょうたきがわ
779,鹿児島県奄美南部,かごしまけんあまみなんぶ,4653100,天城町当部,あまぎちょうとうべ
779,鹿児島県奄美南部,かごしまけんあまみなんぶ,4653300,和泊町国頭,わどまりちょうくにがみ
779,鹿児島県奄美南部,かごしまけんあまみなんぶ,4653400,知名町瀬利覚,ちなちょうせりかく
779,鹿児島県奄美南部,かごしまけんあまみなんぶ,4653500,与論町麦屋,よろんちょうむぎや
801,沖縄県本島中南部,おきなわけんほんとうちゅうなんぶ,4720100,那覇市樋川,なはしひがわ
801,沖縄県本島中南部,おきなわけんほんとうちゅうなんぶ,4720101,那覇空港,なはくうこう
805,沖縄県石垣島,おきなわけんいしがきじま,4720700,石垣市登野城,いしがきしとのしろ
805,沖縄県石垣島,おきなわけんいしがきじま,4720701,石垣市新川,いしがきしあらかわ
805,沖縄県石垣島,おきなわけんいしがきじま,4720702,石垣市平久保,いしがきしひらくぼ
800,沖縄県本島北部,おきなわけんほんとうほくぶ,4720900,名護市宮里,なごしみやざと
800,沖縄県本島北部,おきなわけんほんとうほくぶ,4720901,名護市豊原,なごしとよはら
804,沖縄県宮古島,おきなわけんみやこじま,4721400,宮古島市平良下里,みやこじましひららしもざと
804,沖縄県宮古島,おきなわけんみやこじま,4721402,宮古島市城辺福北,みやこじましぐすくべふくきた
804,沖縄県宮古島,おきなわけんみやこじま,4721403,宮古島市平良池間,みやこじましひららいけま
804,沖縄県宮古島,おきなわけんみやこじま,4721405,宮古島市上野新里,みやこじましうえのしんざと
804,沖縄県宮古島,おきなわけんみやこじま,4721406,宮古島市伊良部前里添,みやこじましいらぶまえさとそえ
801,沖縄県本島中南部,おきなわけんほんとうちゅうなんぶ,4721502,南城市玉城字玉城,なんじょうしたまぐすくあざたまぐすく
800,沖縄県本島北部,おきなわけんほんとうほくぶ,4730100,国頭村奥,くにがみそんおく
801,沖縄県本島中南部,おきなわけんほんとうちゅうなんぶ,4732401,読谷村座喜味,よみたんそんざきみ
800,沖縄県本島北部,おきなわけんほんとうほくぶ,4735501,粟国村浜,あぐにそんはま
803,沖縄県大東島,おきなわけんだいとうじま,4735700,南大東村在所,みなみだいとうそんざいしょ
803,沖縄県大東島,おきなわけんだいとうじま,4735701,南大東村池之沢,みなみだいとうそんいけのさわ
803,沖縄県大東島,おきなわけんだいとうじま,4735800,北大東村黄金山,きただいとうそんこがねやま
800,沖縄県本島北部,おきなわけんほんとうほくぶ,4735900,伊平屋村我喜屋,いへやそんがきや
802,沖縄県久米島,おきなわけんくめじま,4736101,久米島町山城,くめじまちょうやましろ
802,沖縄県久米島,おきなわけんくめじま,4736102,久米島町謝名堂,くめじまちょうじゃなどう
804,沖縄県宮古島,おきなわけんみやこじま,4737500,多良間村塩川,たらまそんしおかわ
807,沖縄県西表島,おきなわけんいりおもてじま,4738104,竹富町大原,たけとみちょうおおはら
807,沖縄県西表島,おきなわけんいりおもてじま,4738105,竹富町黒島,たけとみちょうくろしま
807,沖縄県西表島,おきなわけんいりおもてじま,4738111,竹富町波照間,たけとみちょうはてるま
807,沖縄県西表島,おきなわけんいりおもてじま,4738112,竹富町上原小学校,たけとみちょううえはらしょうがっこう
806,沖縄県与那国島,おきなわけんよなぐにじま,4738200,与那国町祖納,よなぐにちょうそない
806,沖縄県与那国島,おきなわけんよなぐにじま,4738202,与那国町久部良,よなぐにちょうくぶら
